Event,Species,Rearing_Origin,Stage,System,Encounter_Time_zone,Encounter_Timestamp,Encounter_Location,Encounter_Easting,Encounter_Northing,Encounter_UTMZone,Encounter_Disposition,Release_Status,Release_Timezone,Release_Timestamp,Release_Location,Release_Easting,Release_Northing,TagType,TagManufacturer,TagModel,TagSerialNumber,EstTagLife,Acoustic_ID,Acoustic_Sensor_type,Acoustic_ Sensor_idcode,Acoustic_Sensor_value,PIT_ID,Radio_ID,Radio_Freq,Radio_BurstRate,External_TagID,Mark Observed,Mark Applied,VIE,ForkLength (cm),TotalLength (cm),Mass (g),Sex,STRG_Interorbital(mm),STRG_InsideMouth(mm),STRG_OutsideMouth(mm),Notes,Operator(s)
Initial capture,ATS,Wild ,Adult,Penobscot,Eastern,5/17/2025 0:00,Milford Dam,528006,4976602,19,Live,Yes,Eastern,5/17/2025 0:00,Milford Dam,528006,4976602,Radio,Lotek,MCFT2-3A,MC053082,848,,,,,,38,152.01,3,,None,AP,None ,73,,,F,,,,DMR # 006,RH
Initial capture,ATS,Wild ,Adult,Penobscot,Eastern,5/17/2025 0:00,Milford Dam,528006,4976602,19,Live,Yes,Eastern,5/17/2025 0:00,Milford Dam,528006,4976602,Acoustic,Innovasea,V13-1x-BLU-1,1601703,344,A69-1604-39118,,,,,,,,,None,AP,None ,73,,,F,,,,DMR # 006,RH
Initial capture,ATS,Wild ,Adult,Penobscot,Eastern,5/17/2025 0:00,Milford Dam,528006,4976602,19,Live,Yes,Eastern,5/17/2025 0:00,Milford Dam,528006,4976602,PIT,,,,,,,,,3D6.00154F6008,,,,,None,AP,None ,73,,,F,,,,DMR # 006,RH
Initial capture,ATS,Wild ,Adult,Penobscot,Eastern,5/17/2025 0:00,Milford Dam,528006,4976602,19,Live,Yes,Eastern,5/17/2025 0:00,Milford Dam,528006,4976602,Radio,Lotek,MCFT2-3A,MC054499,848,,,,,,114,152.01,3,,None,AP,None ,75,,,F,,,,DMR # 007,RH
Initial capture,ATS,Wild ,Adult,Penobscot,Eastern,5/17/2025 0:00,Milford Dam,528006,4976602,19,Live,Yes,Eastern,5/17/2025 0:00,Milford Dam,528006,4976602,Acoustic,Innovasea,V13-1x-BLU-1,1639566,340,A69-2801-20381,,,,,,,,,None,AP,None ,75,,,F,,,,DMR # 007,RH
Initial capture,ATS,Wild ,Adult,Penobscot,Eastern,5/17/2025 0:00,Milford Dam,528006,4976602,19,Live,Yes,Eastern,5/17/2025 0:00,Milford Dam,528006,4976602,PIT,,,,,,,,,3D6.00154F66BB,,,,,None,AP,None ,75,,,F,,,,DMR # 007,RH
Initial capture,ATS,Wild ,Adult,Penobscot,Eastern,5/17/2025 0:00,Milford Dam,528006,4976602,19,Live,Yes,Eastern,5/17/2025 0:00,Milford Dam,528006,4976602,Radio,Lotek,MCFT2-3A,MC053113,848,,,,,,69,152.01,3,,None,AP,None ,76,,,F,,,,DMR # 008,RH
Initial capture,ATS,Wild ,Adult,Penobscot,Eastern,5/17/2025 0:00,Milford Dam,528006,4976602,19,Live,Yes,Eastern,5/17/2025 0:00,Milford Dam,528006,4976602,Acoustic,Innovasea,V13-1x-BLU-1,1601669,344,A69-1604-39084,,,,,,,,,None,AP,None ,76,,,F,,,,DMR # 008,RH
Initial capture,ATS,Wild ,Adult,Penobscot,Eastern,5/17/2025 0:00,Milford Dam,528006,4976602,19,Live,Yes,Eastern,5/17/2025 0:00,Milford Dam,528006,4976602,PIT,,,,,,,,,3D6.001805F8A9,,,,,None,AP,None ,76,,,F,,,,DMR # 008,RH
Initial capture,ATS,Wild ,Adult,Penobscot,Eastern,5/18/2025 0:00,Milford Dam,528006,4976602,19,Live,Yes,Eastern,5/18/2025 0:00,Milford Dam,528006,4976602,Radio,Lotek,MCFT3-L-TPA-L,MT005283,861,,,,,,81,151.85,3,,None,AP,None,76,,,M,,,,DMR # 010 TPA Logger,RH
Initial capture,ATS,Wild ,Adult,Penobscot,Eastern,5/18/2025 0:00,Milford Dam,528006,4976602,19,Live,Yes,Eastern,5/18/2025 0:00,Milford Dam,528006,4976602,PIT,,,,,,,,,3D6.00154F5FAA,,,,,None,AP,None,76,,,M,,,,DMR # 010 TPA Logger,RH
Initial capture,ATS,Wild ,Adult,Penobscot,Eastern,5/20/2025 0:00,Milford Dam,528006,4976602,19,Live,Yes,Eastern,5/20/2025 0:00,Milford Dam,528006,4976602,Radio,Lotek,MCFT2-3A,MC054505,848,,,,,,120,152.01,3,,AC,TP,None,78,,,F,,,,DMR # 014,RH
Initial capture,ATS,Wild ,Adult,Penobscot,Eastern,5/20/2025 0:00,Milford Dam,528006,4976602,19,Live,Yes,Eastern,5/20/2025 0:00,Milford Dam,528006,4976602,Acoustic,Innovasea,V13-1x-BLU-1,1639564,344,A69-2801-20379,,,,,,,,,AC,TP,None,78,,,F,,,,DMR # 014,RH
Initial capture,ATS,Wild ,Adult,Penobscot,Eastern,5/20/2025 0:00,Milford Dam,528006,4976602,19,Live,Yes,Eastern,5/20/2025 0:00,Milford Dam,528006,4976602,PIT,,,,,,,,,3D6.00154F6697,,,,,AC,TP,None,78,,,F,,,,DMR # 014,RH
Initial capture,ATS,Wild ,Adult,Penobscot,Eastern,5/20/2025 0:00,Milford Dam,528006,4976602,19,Live,Yes,Eastern,5/20/2025 0:00,Milford Dam,528006,4976602,Radio,Lotek,MCFT2-3A,MC053072,848,,,,,,28,152.01,3,,AC,TP,None,76,,,M,,,,DMR # 013,RH
Initial capture,ATS,Wild ,Adult,Penobscot,Eastern,5/20/2025 0:00,Milford Dam,528006,4976602,19,Live,Yes,Eastern,5/20/2025 0:00,Milford Dam,528006,4976602,Acoustic,Innovasea,V13-1x-BLU-1,1601690,344,A69-1604-39105,,,,,,,,,AC,TP,None,76,,,M,,,,DMR # 013,RH
Initial capture,ATS,Wild ,Adult,Penobscot,Eastern,5/20/2025 0:00,Milford Dam,528006,4976602,19,Live,Yes,Eastern,5/20/2025 0:00,Milford Dam,528006,4976602,PIT,,,,,,,,,3D6.00154F66AD,,,,,AC,TP,None,76,,,M,,,,DMR # 013,RH
Initial capture,ATS,Wild ,Adult,Penobscot,Eastern,5/21/2025 0:00,Milford Dam,528006,4976602,19,Live,Yes,Eastern,5/21/2025 0:00,Milford Dam,528006,4976602,Radio,Lotek,MCFT2-3A,MC053067,848,,,,,,23,151.85,3,,AC,TP,None,79,,,F,,,,DMR # 016,RH
Initial capture,ATS,Wild ,Adult,Penobscot,Eastern,5/21/2025 0:00,Milford Dam,528006,4976602,19,Live,Yes,Eastern,5/21/2025 0:00,Milford Dam,528006,4976602,Acoustic,Innovasea,V13-1x-BLU-1,1601696,344,A69-1604-39111,,,,,,,,,AC,TP,None,79,,,F,,,,DMR # 016,RH
Initial capture,ATS,Wild ,Adult,Penobscot,Eastern,5/21/2025 0:00,Milford Dam,528006,4976602,19,Live,Yes,Eastern,5/21/2025 0:00,Milford Dam,528006,4976602,PIT,,,,,,,,,3D6.001805F971,,,,,AC,TP,None,79,,,F,,,,DMR # 016,RH
Initial capture,ATS,Wild ,Adult,Penobscot,Eastern,5/21/2025 0:00,Milford Dam,528006,4976602,19,Live,Yes,Eastern,5/21/2025 0:00,Milford Dam,528006,4976602,Radio,Lotek,MCFT2-3A,MC053063,848,,,,,,19,151.85,3,,AC,TP,None,79,,,M,,,,DMR # 017,RH
Initial capture,ATS,Wild ,Adult,Penobscot,Eastern,5/21/2025 0:00,Milford Dam,528006,4976602,19,Live,Yes,Eastern,5/21/2025 0:00,Milford Dam,528006,4976602,Acoustic,Innovasea,V13-1x-BLU-1,1601689,344,A69-1604-39104,,,,,,,,,AC,TP,None,79,,,M,,,,DMR # 017,RH
Initial capture,ATS,Wild ,Adult,Penobscot,Eastern,5/21/2025 0:00,Milford Dam,528006,4976602,19,Live,Yes,Eastern,5/21/2025 0:00,Milford Dam,528006,4976602,PIT,,,,,,,,,3D6.00154F66EF,,,,,AC,TP,None,79,,,M,,,,DMR # 017,RH
Initial capture,ATS,Wild ,Adult,Penobscot,Eastern,5/26/2025 0:00,Milford Dam,528006,4976602,19,Live,Yes,Eastern,5/26/2025 0:00,Milford Dam,528006,4976602,Radio,Lotek,MCFT3-L-TPA-L,MT005280,861,,,,,,78,151.85,3,,None,AP,None,74,,,F,,,,DMR # 018 TPA Logger,RH
Initial capture,ATS,Wild ,Adult,Penobscot,Eastern,5/26/2025 0:00,Milford Dam,528006,4976602,19,Live,Yes,Eastern,5/26/2025 0:00,Milford Dam,528006,4976602,PIT,,,,,,,,,3D6.00154F66C5,,,,,None,AP,None,74,,,F,,,,DMR # 018 TPA Logger,RH
Initial capture,ATS,Wild ,Adult,Penobscot,Eastern,5/26/2025 0:00,Milford Dam,528006,4976602,19,Live,Yes,Eastern,5/26/2025 0:00,Milford Dam,528006,4976602,Radio,Lotek,MCFT3-L-TPA-L,MT005274,861,,,,,,72,151.85,3,,None,AP,None,76,,,F,,,,DMR # 020 TPA Logger,RH
Initial capture,ATS,Wild ,Adult,Penobscot,Eastern,5/26/2025 0:00,Milford Dam,528006,4976602,19,Live,Yes,Eastern,5/26/2025 0:00,Milford Dam,528006,4976602,PIT,,,,,,,,,3D6.00184E7544,,,,,None,AP,None,76,,,F,,,,DMR # 020  TPA Logger,RH
Initial capture,ATS,Wild ,Adult,Penobscot,Eastern,5/26/2025 0:00,Milford Dam,528006,4976602,19,Live,Yes,Eastern,5/26/2025 0:00,Milford Dam,528006,4976602,Radio,Lotek,MCFT3-L-TPA-L,MT005281,861,,,,,,79,151.85,3,,None,AP,None ,75,,,F,,,,DMR # 021 TPA Logger ,RH
Initial capture,ATS,Wild ,Adult,Penobscot,Eastern,5/26/2025 0:00,Milford Dam,528006,4976602,19,Live,Yes,Eastern,5/26/2025 0:00,Milford Dam,528006,4976602,PIT,,,,,,,,,3D6.001805F7B7,,,,,None,AP,None ,75,,,F,,,,DMR # 021 TPA Logger  ,RH
Initial capture,ATS,Wild ,Adult,Penobscot,Eastern,5/29/2025 0:00,Milford Dam,528006,4976602,19,Live,Yes,Eastern,5/29/2025 0:00,Milford Dam,528006,4976602,Radio,Lotek,MCFT2-3A,MC054475,848,,,,,,90,151.85,3,,AC,TP,None ,720,,,F,,,,DMR # 022,RH
Initial capture,ATS,Wild ,Adult,Penobscot,Eastern,5/29/2025 0:00,Milford Dam,528006,4976602,19,Live,Yes,Eastern,5/29/2025 0:00,Milford Dam,528006,4976602,Acoustic,Innovasea,V13-1x-BLU-1,1639559,344,A69-2801-20374,,,,,,,,,AC,TP,None ,720,,,F,,,,DMR # 022,RH
Initial capture,ATS,Wild ,Adult,Penobscot,Eastern,5/29/2025 0:00,Milford Dam,528006,4976602,19,Live,Yes,Eastern,5/29/2025 0:00,Milford Dam,528006,4976602,PIT,,,,,,,,,3D6.00184E766E,,,,,AC,TP,None ,720,,,F,,,,DMR # 022,RH
Initial capture,ATS,Wild ,Adult,Penobscot,Eastern,5/29/2025 0:00,Milford Dam,528006,4976602,19,Live,Yes,Eastern,5/29/2025 0:00,Milford Dam,528006,4976602,Radio,Lotek,MCFT2-3A,MC054494,848,,,,,,109,151.85,3,,AC,TP,None ,780,,,M,,,,DMR # 024,RH
Initial capture,ATS,Wild ,Adult,Penobscot,Eastern,5/29/2025 0:00,Milford Dam,528006,4976602,19,Live,Yes,Eastern,5/29/2025 0:00,Milford Dam,528006,4976602,Acoustic,Innovasea,V13-1x-BLU-1,1639533,344,A69-2801-20348,,,,,,,,,AC,TP,None ,780,,,M,,,,DMR # 024,RH
Initial capture,ATS,Wild ,Adult,Penobscot,Eastern,5/29/2025 0:00,Milford Dam,528006,4976602,19,Live,Yes,Eastern,5/29/2025 0:00,Milford Dam,528006,4976602,PIT,,,,,,,,,3D6.001805F8C6,,,,,AC,TP,None ,780,,,M,,,,DMR # 024,RH
Initial capture,ATS,Wild ,Adult,Penobscot,Eastern,5/29/2025 0:00,Milford Dam,528006,4976602,19,Live,Yes,Eastern,5/29/2025 0:00,Milford Dam,528006,4976602,Radio,Lotek,MCFT2-3A,MC054474,848,,,,,,89,151.85,3,,AC,TP,None ,69,,,M,,,,DMR # 023,RH
Initial capture,ATS,Wild ,Adult,Penobscot,Eastern,5/29/2025 0:00,Milford Dam,528006,4976602,19,Live,Yes,Eastern,5/29/2025 0:00,Milford Dam,528006,4976602,Acoustic,Innovasea,V13-1x-BLU-1,1639539,344,A69-2801-20354,,,,,,,,,AC,TP,None,69,,,M,,,,DMR # 023,RH
Initial capture,ATS,Wild ,Adult,Penobscot,Eastern,5/29/2025 0:00,Milford Dam,528006,4976602,19,Live,Yes,Eastern,5/29/2025 0:00,Milford Dam,528006,4976602,PIT,,,,,,,,,3D6.00154F66E7,,,,,AC,TP,None,69,,,M,,,,DMR # 023,RH
Initial capture,ATS,Wild ,Adult,Penobscot,Eastern,5/29/2025 0:00,Milford Dam,528006,4976602,19,Live,Yes,Eastern,5/29/2025 0:00,Milford Dam,528006,4976602,Radio,Lotek,MCFT2-3A,MC054500,848,,,,,,115,152.01,3,,AC,TP,None,68,,,F,,,,DMR # 025,RH
Initial capture,ATS,Wild ,Adult,Penobscot,Eastern,5/29/2025 0:00,Milford Dam,528006,4976602,19,Live,Yes,Eastern,5/29/2025 0:00,Milford Dam,528006,4976602,Acoustic,Innovasea,V13-1x-BLU-1,1639565,344,A69-2801-20380,,,,,,,,,AC,TP,None,68,,,F,,,,DMR # 025,RH
Initial capture,ATS,Wild ,Adult,Penobscot,Eastern,5/29/2025 0:00,Milford Dam,528006,4976602,19,Live,Yes,Eastern,5/29/2025 0:00,Milford Dam,528006,4976602,PIT,,,,,,,,,3D6.00154F669E,,,,,AC,TP,None,68,,,F,,,,DMR # 025,RH
Initial capture,ATS,Wild ,Adult,Penobscot,Eastern,5/31/2025 0:00,Milford Dam,528006,4976602,19,Live,Yes,Eastern,5/31/2025 0:00,Milford Dam,528006,4976602,Radio,Lotek,MCFT3-L-TPA-L,MT005282,861,,,,,,80,151.85,3,,None,AP,None,72,,,F,,,,DMR # 026 TPA Logger,RH
Initial capture,ATS,Wild ,Adult,Penobscot,Eastern,5/31/2025 0:00,Milford Dam,528006,4976602,19,Live,Yes,Eastern,5/31/2025 0:00,Milford Dam,528006,4976602,PIT,,,,,,,,,3D6.00154F66E8,,,,,None,AP,None,72,,,F,,,,DMR # 026 TPA Logger  ,RH
Initial capture,ATS,Wild ,Adult,Penobscot,Eastern,5/31/2025 0:00,Milford Dam,528006,4976602,19,Live,Yes,Eastern,5/31/2025 0:00,Milford Dam,528006,4976602,Radio,Lotek,MCFT3-L-TPA-L,MT005289,861,,,,,,87,151.85,3,,None,AP,None,75,,,F,,,,DMR # 027 TPA Logger,RH
Initial capture,ATS,Wild ,Adult,Penobscot,Eastern,5/31/2025 0:00,Milford Dam,528006,4976602,19,Live,Yes,Eastern,5/31/2025 0:00,Milford Dam,528006,4976602,PIT,,,,,,,,,3D6.001805F83C,,,,,None,AP,None,75,,,F,,,,DMR # 027 TPA Logger ,RH
Initial capture,ATS,Wild ,Adult,Penobscot,Eastern,5/31/2025 0:00,Milford Dam,528006,4976602,19,Live,Yes,Eastern,5/31/2025 0:00,Milford Dam,528006,4976602,Radio,Lotek,MCFT3-L-TPA-L,MT005277,861,,,,,,75,151.85,3,,None,AP,None,75,,,F,,,,DMR # 028 TPA Logger,RH
Initial capture,ATS,Wild ,Adult,Penobscot,Eastern,5/31/2025 0:00,Milford Dam,528006,4976602,19,Live,Yes,Eastern,5/31/2025 0:00,Milford Dam,528006,4976602,PIT,,,,,,,,,3D6.00154F6229,,,,,None,AP,None,75,,,F,,,,DMR # 028 TPA Logger ,RH
Initial capture,ATS,Wild ,Adult,Penobscot,Eastern,5/31/2025 0:00,Milford Dam,528006,4976602,19,Live,Yes,Eastern,5/31/2025 0:00,Milford Dam,528006,4976602,Radio,Lotek,MCFT2-3A,MC054501,848,,,,,,116,152.01,3,,AC,TP,None,74,,,F,,,,DMR # 029,RH
Initial capture,ATS,Wild ,Adult,Penobscot,Eastern,5/31/2025 0:00,Milford Dam,528006,4976602,19,Live,Yes,Eastern,5/31/2025 0:00,Milford Dam,528006,4976602,Acoustic,Innovasea,V13-1x-BLU-1,1639547,344,A69-2801-20362,,,,,,,,,AC,TP,None,74,,,F,,,,DMR # 029,RH
Initial capture,ATS,Wild ,Adult,Penobscot,Eastern,5/31/2025 0:00,Milford Dam,528006,4976602,19,Live,Yes,Eastern,5/31/2025 0:00,Milford Dam,528006,4976602,PIT,,,,,,,,,3D6.00154F66CF,,,,,AC,TP,None,74,,,F,,,,DMR # 029,RH
Initial capture,ATS,Wild ,Adult,Penobscot,Eastern,5/31/2025 0:00,Milford Dam,528006,4976602,19,Live,Yes,Eastern,5/31/2025 0:00,Milford Dam,528006,4976602,Radio,Lotek,MCFT3-L-TPA-L,MT005288,861,,,,,,86,151.85,3,,None,AP,None,76,,,F,,,,DMR # 030 TPA Logger ,RH
Initial capture,ATS,Wild ,Adult,Penobscot,Eastern,5/31/2025 0:00,Milford Dam,528006,4976602,19,Live,Yes,Eastern,5/31/2025 0:00,Milford Dam,528006,4976602,PIT,,,,,,,,,3D6.000B56780A,,,,,None,AP,None,76,,,F,,,,DMR # 030 TPA Logger  ,RH
Initial capture,ATS,Wild ,Adult,Penobscot,Eastern,5/31/2025 0:00,Milford Dam,528006,4976602,19,Live,Yes,Eastern,5/31/2025 0:00,Milford Dam,528006,4976602,Radio,Lotek,MCFT3-L-TPA-L,MT005276,861,,,,,,74,151.85,3,,None,AP,None,72,,,F,,,,DMR # 032 TPA Logger ,RH
Initial capture,ATS,Wild ,Adult,Penobscot,Eastern,5/31/2025 0:00,Milford Dam,528006,4976602,19,Live,Yes,Eastern,5/31/2025 0:00,Milford Dam,528006,4976602,PIT,,,,,,,,,3D6.00154F669F,,,,,None,AP,None,72,,,F,,,,DMR # 032 TPA Logger  ,RH
Initial capture,ATS,Wild ,Adult,Penobscot,Eastern,5/31/2025 0:00,Milford Dam,528006,4976602,19,Live,Yes,Eastern,5/31/2025 0:00,Milford Dam,528006,4976602,Radio,Lotek,MCFT3-L-TPA-L,MT005278,861,,,,,,76,151.85,3,,None,AP,None ,75,,,F,,,,DMR # 003 TPA Logger ,RH
Initial capture,ATS,Wild ,Adult,Penobscot,Eastern,5/31/2025 0:00,Milford Dam,528006,4976602,19,Live,Yes,Eastern,5/31/2025 0:00,Milford Dam,528006,4976602,PIT,,,,,,,,,3D6.00154F66C7,,,,,None,AP,None ,75,,,F,,,,DMR # 003 TPA Logger  ,RH
Initial capture,ATS,Wild ,Adult,Penobscot,Eastern,5/31/2025 0:00,Milford Dam,528006,4976602,19,Live,Yes,Eastern,5/31/2025 0:00,Milford Dam,528006,4976602,Radio,Lotek,MCFT2-3A,MC054507,848,,,,,,122,152.01,3,,AC,TP,None ,77,,,M,,,,DMR # 033,RH
Initial capture,ATS,Wild ,Adult,Penobscot,Eastern,5/31/2025 0:00,Milford Dam,528006,4976602,19,Live,Yes,Eastern,5/31/2025 0:00,Milford Dam,528006,4976602,Acoustic,Innovasea,V13-1x-BLU-1,1639535,344,A69-2801-20350,,,,,,,,,AC,TP,None ,77,,,M,,,,DMR # 033,RH
Initial capture,ATS,Wild ,Adult,Penobscot,Eastern,5/31/2025 0:00,Milford Dam,528006,4976602,19,Live,Yes,Eastern,5/31/2025 0:00,Milford Dam,528006,4976602,PIT,,,,,,,,,3D6.00154F6023,,,,,AC,TP,None ,77,,,M,,,,DMR # 033,RH
Initial capture,ATS,Wild ,Adult,Penobscot,Eastern,5/31/2025 0:00,Milford Dam,528006,4976602,19,Live,Yes,Eastern,5/31/2025 0:00,Milford Dam,528006,4976602,Radio,Lotek,MCFT3-L-TPA-L,MT005286,861,,,,,,84,151.85,3,,None,AP,None ,76,,,F,,,,DMR # 034 TPA Logger ,RH
Initial capture,ATS,Wild ,Adult,Penobscot,Eastern,5/31/2025 0:00,Milford Dam,528006,4976602,19,Live,Yes,Eastern,5/31/2025 0:00,Milford Dam,528006,4976602,PIT,,,,,,,,,3D6.00184E7647,,,,,None,AP,None ,76,,,F,,,,DMR # 034 TPA Logger  ,RH
Initial capture,ATS,Wild ,Adult,Penobscot,Eastern,5/31/2025 0:00,Milford Dam,528006,4976602,19,Live,Yes,Eastern,5/31/2025 0:00,Milford Dam,528006,4976602,Radio,Lotek,MCFT3-L-TPA-L,MT005279,861,,,,,,77,151.85,3,,None,AP,None ,76,,,M,,,,DMR # 036 TPA Logger ,RH
Initial capture,ATS,Wild ,Adult,Penobscot,Eastern,5/31/2025 0:00,Milford Dam,528006,4976602,19,Live,Yes,Eastern,5/31/2025 0:00,Milford Dam,528006,4976602,PIT,,,,,,,,,3D6.00154F60F2,,,,,None,AP,None ,76,,,M,,,,DMR # 036 TPA Logger  ,RH
Initial capture,ATS,Wild ,Adult,Penobscot,Eastern,5/31/2025 0:00,Milford Dam,528006,4976602,19,Live,Yes,Eastern,5/31/2025 0:00,Milford Dam,528006,4976602,Radio,Lotek,MCFT3-L-TPA-L,MT005273,861,,,,,,71,151.85,3,,None,AP,None,73,,,F,,,,DMR # 037 TPA Logger ,RH
Initial capture,ATS,Wild ,Adult,Penobscot,Eastern,5/31/2025 0:00,Milford Dam,528006,4976602,19,Live,Yes,Eastern,5/31/2025 0:00,Milford Dam,528006,4976602,PIT,,,,,,,,,3D6.00154F610A,,,,,None,AP,None,73,,,F,,,,DMR # 037 TPA Logger  ,RH
Initial capture,ATS,Wild ,Adult,Penobscot,Eastern,5/31/2025 0:00,Milford Dam,528006,4976602,19,Live,Yes,Eastern,5/31/2025 0:00,Milford Dam,528006,4976602,Radio,Lotek,MCFT3-L-TPA-L,MT005287,861,,,,,,85,151.85,3,,None,AP,None,75,,,M,,,,DMR # 038 TPA Logger ,RH
Initial capture,ATS,Wild ,Adult,Penobscot,Eastern,5/31/2025 0:00,Milford Dam,528006,4976602,19,Live,Yes,Eastern,5/31/2025 0:00,Milford Dam,528006,4976602,PIT,,,,,,,,,3D6.00154F60FF,,,,,None,AP,None,75,,,M,,,,DMR # 038 TPA Logger  ,RH
Initial capture,ATS,Wild ,Adult,Penobscot,Eastern,5/31/2025 0:00,Milford Dam,528006,4976602,19,Live,Yes,Eastern,5/31/2025 0:00,Milford Dam,528006,4976602,Radio,Lotek,MCFT3-L-TPA-L,MT005275,861,,,,,,73,151.85,3,,None,AP,None,78,,,M,,,,DMR # 040 TPA Logger ,RH
Initial capture,ATS,Wild ,Adult,Penobscot,Eastern,5/31/2025 0:00,Milford Dam,528006,4976602,19,Live,Yes,Eastern,5/31/2025 0:00,Milford Dam,528006,4976602,PIT,,,,,,,,,3D6.00154F60C1,,,,,None,AP,None,78,,,M,,,,DMR # 040 TPA Logger ,RH
Initial capture,ATS,Wild ,Adult,Penobscot,Eastern,5/31/2025 0:00,Milford Dam,528006,4976602,19,Live,Yes,Eastern,5/31/2025 0:00,Milford Dam,528006,4976602,Radio,Lotek,MCFT3-L-TPA-L,MT005272,861,,,,,,70,151.85,3,,None,AP,None,79,,,M,,,,DMR # 041 TPA Logger ,RH
Initial capture,ATS,Wild ,Adult,Penobscot,Eastern,5/31/2025 0:00,Milford Dam,528006,4976602,19,Live,Yes,Eastern,5/31/2025 0:00,Milford Dam,528006,4976602,PIT,,,,,,,,,3D6.00154F66B6,,,,,None,AP,None,79,,,M,,,,DMR # 041 TPA Logger  ,RH
Initial capture,ATS,Wild ,Adult,Penobscot,Eastern,5/31/2025 0:00,Milford Dam,528006,4976602,19,Live,Yes,Eastern,5/31/2025 0:00,Milford Dam,528006,4976602,Radio,Lotek,MCFT2-3A,MC053087,848,,,,,,43,152.01,3,,None,AP,None,75,,,F,,,,DMR # 042,RH
Initial capture,ATS,Wild ,Adult,Penobscot,Eastern,5/31/2025 0:00,Milford Dam,528006,4976602,19,Live,Yes,Eastern,5/31/2025 0:00,Milford Dam,528006,4976602,Acoustic,Innovasea,V13-1x-BLU-1,1601701,344,A69-1604-39116,,,,,,,,,None,AP,None,75,,,F,,,,DMR # 042,RH
Initial capture,ATS,Wild ,Adult,Penobscot,Eastern,5/31/2025 0:00,Milford Dam,528006,4976602,19,Live,Yes,Eastern,5/31/2025 0:00,Milford Dam,528006,4976602,PIT,,,,,,,,,3D6.00154F66AE,,,,,None,AP,None,75,,,F,,,,DMR # 042,RH
Initial capture,ATS,Wild ,Adult,Penobscot,Eastern,5/31/2025 0:00,Milford Dam,528006,4976602,19,Live,Yes,Eastern,5/31/2025 0:00,Milford Dam,528006,4976602,Radio,Lotek,MCFT2-3A,MC053092,848,,,,,,48,152.01,3,,None,AP,None,70,,,F,,,,DMR # 043,RH
Initial capture,ATS,Wild ,Adult,Penobscot,Eastern,5/31/2025 0:00,Milford Dam,528006,4976602,19,Live,Yes,Eastern,5/31/2025 0:00,Milford Dam,528006,4976602,Acoustic,Innovasea,V13-1x-BLU-1,1601667,344,A69-1604-39082,,,,,,,,,None,AP,None,70,,,F,,,,DMR # 043,RH
Initial capture,ATS,Wild ,Adult,Penobscot,Eastern,5/31/2025 0:00,Milford Dam,528006,4976602,19,Live,Yes,Eastern,5/31/2025 0:00,Milford Dam,528006,4976602,PIT,,,,,,,,,3D6.00154F669A,,,,,None,AP,None,70,,,F,,,,DMR # 043,RH
Initial capture,ATS,Wild ,Adult,Penobscot,Eastern,5/31/2025 0:00,Milford Dam,528006,4976602,19,Live,Yes,Eastern,5/31/2025 0:00,Milford Dam,528006,4976602,Radio,Lotek,MCFT3-L-TPA-L,MT005285,861,,,,,,83,151.85,3,,None,AP,None,75,,,F,,,,DMR # 045 TPA Logger ,RH
Initial capture,ATS,Wild ,Adult,Penobscot,Eastern,5/31/2025 0:00,Milford Dam,528006,4976602,19,Live,Yes,Eastern,5/31/2025 0:00,Milford Dam,528006,4976602,PIT,,,,,,,,,3D6.00154F61CE,,,,,None,AP,None,75,,,F,,,,DMR # 045 TPA Logger  ,RH
Initial capture,ATS,Wild ,Adult,Penobscot,Eastern,6/1/2025 0:00,Milford Dam,528006,4976602,19,Live,Yes,Eastern,6/1/2025 0:00,Milford Dam,528006,4976602,Radio,Lotek,MCFT2-3A,MC054480,848,,,,,,95,151.85,3,,None,AP,None,75,,,M,,,,DMR # 050,RH
Initial capture,ATS,Wild ,Adult,Penobscot,Eastern,6/1/2025 0:00,Milford Dam,528006,4976602,19,Live,Yes,Eastern,6/1/2025 0:00,Milford Dam,528006,4976602,Acoustic,Innovasea,V13-1x-BLU-1,1639534,344,A69-2801-20349,,,,,,,,,None,AP,None,75,,,M,,,,DMR # 050,RH
Initial capture,ATS,Wild ,Adult,Penobscot,Eastern,6/1/2025 0:00,Milford Dam,528006,4976602,19,Live,Yes,Eastern,6/1/2025 0:00,Milford Dam,528006,4976602,PIT,,,,,,,,,3D6.000B5678C0,,,,,None,AP,None ,75,,,M,,,,DMR # 050,RH
Initial capture,ATS,Wild ,Adult,Penobscot,Eastern,6/1/2025 0:00,Milford Dam,528006,4976602,19,Live,Yes,Eastern,6/1/2025 0:00,Milford Dam,528006,4976602,Radio,Lotek,MCFT2-3A,MC054483,848,,,,,,98,151.85,3,,None,AP,None ,75,,,F,,,,DMR # 051,RH
Initial capture,ATS,Wild ,Adult,Penobscot,Eastern,6/1/2025 0:00,Milford Dam,528006,4976602,19,Live,Yes,Eastern,6/1/2025 0:00,Milford Dam,528006,4976602,Acoustic,Innovasea,V13-1x-BLU-1,1639541,344,A69-2801-20356,,,,,,,,,None,AP,None ,75,,,F,,,,DMR # 051,RH
Initial capture,ATS,Wild ,Adult,Penobscot,Eastern,6/1/2025 0:00,Milford Dam,528006,4976602,19,Live,Yes,Eastern,6/1/2025 0:00,Milford Dam,528006,4976602,PIT,,,,,,,,,3D6.00154F5F59,,,,,None,AP,None ,75,,,F,,,,DMR # 051,RH
Initial capture,ATS,Wild ,Adult,Penobscot,Eastern,6/1/2025 0:00,Milford Dam,528006,4976602,19,Live,Yes,Eastern,6/1/2025 0:00,Milford Dam,528006,4976602,Radio,Lotek,MCFT2-3A,MC054484,848,,,,,,99,151.85,3,,None,AP,None ,74,,,M,,,,DMR # 052,RH
Initial capture,ATS,Wild ,Adult,Penobscot,Eastern,6/1/2025 0:00,Milford Dam,528006,4976602,19,Live,Yes,Eastern,6/1/2025 0:00,Milford Dam,528006,4976602,Acoustic,Innovasea,V13-1x-BLU-1,1639551,344,A69-2801-20366,,,,,,,,,None,AP,None ,74,,,M,,,,DMR # 052,RH
Initial capture,ATS,Wild ,Adult,Penobscot,Eastern,6/1/2025 0:00,Milford Dam,528006,4976602,19,Live,Yes,Eastern,6/1/2025 0:00,Milford Dam,528006,4976602,PIT,,,,,,,,,3D6.00154F6407,,,,,None,AP,None ,74,,,M,,,,DMR # 052,RH
Initial capture,ATS,Wild ,Adult,Penobscot,Eastern,6/1/2025 0:00,Milford Dam,528006,4976602,19,Live,Yes,Eastern,6/1/2025 0:00,Milford Dam,528006,4976602,Radio,Lotek,MCFT2-3A,MC054476,848,,,,,,91,151.85,3,,None,AP,None ,77,,,F,,,,DMR # 055,RH
Initial capture,ATS,Wild ,Adult,Penobscot,Eastern,6/1/2025 0:00,Milford Dam,528006,4976602,19,Live,Yes,Eastern,6/1/2025 0:00,Milford Dam,528006,4976602,Acoustic,Innovasea,V13-1x-BLU-1,1639553,344,A69-2801-20368,,,,,,,,,None,AP,None ,77,,,F,,,,DMR # 055,RH
Initial capture,ATS,Wild ,Adult,Penobscot,Eastern,6/1/2025 0:00,Milford Dam,528006,4976602,19,Live,Yes,Eastern,6/1/2025 0:00,Milford Dam,528006,4976602,PIT,,,,,,,,,3D6.00154F642B,,,,,None,AP,None,77,,,F,,,,DMR # 055,RH
Initial capture,ATS,Wild ,Adult,Penobscot,Eastern,6/1/2025 0:00,Milford Dam,528006,4976602,19,Live,Yes,Eastern,6/1/2025 0:00,Milford Dam,528006,4976602,Radio,Lotek,MCFT2-3A,MC054506,848,,,,,,121,152.01,3,,None,AP,None,78,,,M,,,,DMR # 056,RH
Initial capture,ATS,Wild ,Adult,Penobscot,Eastern,6/1/2025 0:00,Milford Dam,528006,4976602,19,Live,Yes,Eastern,6/1/2025 0:00,Milford Dam,528006,4976602,Acoustic,Innovasea,V13-1x-BLU-1,1639552,344,A69-2801-20367,,,,,,,,,None,AP,None,78,,,M,,,,DMR # 056,RH
Initial capture,ATS,Wild ,Adult,Penobscot,Eastern,6/1/2025 0:00,Milford Dam,528006,4976602,19,Live,Yes,Eastern,6/1/2025 0:00,Milford Dam,528006,4976602,PIT,,,,,,,,,3D6.00154F63FS,,,,,None,AP,None,78,,,M,,,,DMR # 056,RH
Initial capture,ATS,Wild ,Adult,Penobscot,Eastern,6/1/2025 0:00,Milford Dam,528006,4976602,19,Live,Yes,Eastern,6/1/2025 0:00,Milford Dam,528006,4976602,Radio,Lotek,MCFT2-3A,MC054503,848,,,,,,118,151.85,3,,AC,TP,None,80,,,M,,,,DMR # 067,RH
Initial capture,ATS,Wild ,Adult,Penobscot,Eastern,6/1/2025 0:00,Milford Dam,528006,4976602,19,Live,Yes,Eastern,6/1/2025 0:00,Milford Dam,528006,4976602,Acoustic,Innovasea,V13-1x-BLU-1,1639563,344,A69-2801-20378,,,,,,,,,AC,TP,None,80,,,M,,,,DMR # 067,RH
Initial capture,ATS,Wild ,Adult,Penobscot,Eastern,6/1/2025 0:00,Milford Dam,528006,4976602,19,Live,Yes,Eastern,6/1/2025 0:00,Milford Dam,528006,4976602,PIT,,,,,,,,,3D6.00184E7662,,,,,AC,TP,None,80,,,M,,,,DMR # 067,RH
Initial capture,ATS,Wild ,Adult,Penobscot,Eastern,6/1/2025 0:00,Milford Dam,528006,4976602,19,Live,Yes,Eastern,6/1/2025 0:00,Milford Dam,528006,4976602,Radio,Lotek,MCFT2-3A,MC054478,848,,,,,,93,151.85,3,,AC,TP,None,73,,,F,,,,DMR # 068,RH
Initial capture,ATS,Wild ,Adult,Penobscot,Eastern,6/1/2025 0:00,Milford Dam,528006,4976602,19,Live,Yes,Eastern,6/1/2025 0:00,Milford Dam,528006,4976602,Acoustic,Innovasea,V13-1x-BLU-1,1639546,344,A69-2801-20361,,,,,,,,,AC,TP,None,73,,,F,,,,DMR # 068,RH
Initial capture,ATS,Wild ,Adult,Penobscot,Eastern,6/1/2025 0:00,Milford Dam,528006,4976602,19,Live,Yes,Eastern,6/1/2025 0:00,Milford Dam,528006,4976602,PIT,,,,,,,,,3D6.00184E76B4,,,,,AC,TP,None,73,,,F,,,,DMR # 068,RH
Initial capture,ATS,Wild ,Adult,Penobscot,Eastern,6/3/2025 0:00,Milford Dam,528006,4976602,19,Live,Yes,Eastern,6/3/2025 0:00,Milford Dam,528006,4976602,Radio,Lotek,MCFT2-3A,MC054477,848,,,,,,92,151.85,3,,AC,TP,None,73,,,F,,,,DMR # 077,RH
Initial capture,ATS,Wild ,Adult,Penobscot,Eastern,6/3/2025 0:00,Milford Dam,528006,4976602,19,Live,Yes,Eastern,6/3/2025 0:00,Milford Dam,528006,4976602,Acoustic,Innovasea,V13-1x-BLU-1,1639526,344,A69-2801-20341,,,,,,,,,AC,TP,None,73,,,F,,,,DMR # 077,RH
Initial capture,ATS,Wild ,Adult,Penobscot,Eastern,6/3/2025 0:00,Milford Dam,528006,4976602,19,Live,Yes,Eastern,6/3/2025 0:00,Milford Dam,528006,4976602,PIT,,,,,,,,,3D6.00184E7666,,,,,AC,TP,None,73,,,F,,,,DMR # 077,RH
Initial capture,ATS,Wild ,Adult,Penobscot,Eastern,6/3/2025 0:00,Milford Dam,528006,4976602,19,Live,Yes,Eastern,6/3/2025 0:00,Milford Dam,528006,4976602,Radio,Lotek,MCFT2-3A,MC053066,848,,,,,,22,151.85,3,,AC,TP,None,81,,,M,,,,DMR # 078,RH
Initial capture,ATS,Wild ,Adult,Penobscot,Eastern,6/3/2025 0:00,Milford Dam,528006,4976602,19,Live,Yes,Eastern,6/3/2025 0:00,Milford Dam,528006,4976602,Acoustic,Innovasea,V13-1x-BLU-1,1639555,344,A69-2801-20370,,,,,,,,,AC,TP,None,81,,,M,,,,DMR # 078,RH
Initial capture,ATS,Wild ,Adult,Penobscot,Eastern,6/3/2025 0:00,Milford Dam,528006,4976602,19,Live,Yes,Eastern,6/3/2025 0:00,Milford Dam,528006,4976602,PIT,,,,,,,,,3D6.00154F6143,,,,,AC,TP,None,81,,,M,,,,DMR # 078,RH
Initial capture,ATS,Wild ,Adult,Penobscot,Eastern,6/3/2025 0:00,Milford Dam,528006,4976602,19,Live,Yes,Eastern,6/3/2025 0:00,Milford Dam,528006,4976602,Radio,Lotek,MCFT2-3A,MC054488,848,,,,,,103,152.01,3,,AC,TP,None,69,,,F,,,,DMR # 079,RH
Initial capture,ATS,Wild ,Adult,Penobscot,Eastern,6/3/2025 0:00,Milford Dam,528006,4976602,19,Live,Yes,Eastern,6/3/2025 0:00,Milford Dam,528006,4976602,Acoustic,Innovasea,V13-1x-BLU-1,1639548,344,A69-2801-20363,,,,,,,,,AC,TP,None,69,,,F,,,,DMR # 079,RH
Initial capture,ATS,Wild ,Adult,Penobscot,Eastern,6/3/2025 0:00,Milford Dam,528006,4976602,19,Live,Yes,Eastern,6/3/2025 0:00,Milford Dam,528006,4976602,PIT,,,,,,,,,3D6.00154F60DF,,,,,AC,TP,None ,69,,,F,,,,DMR # 079,RH
Initial capture,ATS,Wild ,Adult,Penobscot,Eastern,6/4/2025 0:00,Milford Dam,528006,4976602,19,Live,Yes,Eastern,6/4/2025 0:00,Milford Dam,528006,4976602,Radio,Lotek,MCFT2-3A,MC054497,848,,,,,,112,152.01,3,,AC,TP,None ,74,,,M,,,,DMR # 080,RH
Initial capture,ATS,Wild ,Adult,Penobscot,Eastern,6/4/2025 0:00,Milford Dam,528006,4976602,19,Live,Yes,Eastern,6/4/2025 0:00,Milford Dam,528006,4976602,Acoustic,Innovasea,V13-1x-BLU-1,1639543,344,A69-2801-20358,,,,,,,,,AC,TP,None ,74,,,M,,,,DMR # 080,RH
Initial capture,ATS,Wild ,Adult,Penobscot,Eastern,6/4/2025 0:00,Milford Dam,528006,4976602,19,Live,Yes,Eastern,6/4/2025 0:00,Milford Dam,528006,4976602,PIT,,,,,,,,,3D6.00154F60EB,,,,,AC,TP,None ,74,,,M,,,,DMR # 080,RH
Initial capture,ATS,Wild ,Adult,Penobscot,Eastern,6/6/2025 0:00,Milford Dam,528006,4976602,19,Live,Yes,Eastern,6/6/2025 0:00,Milford Dam,528006,4976602,Radio,Lotek,MCFT2-3A,MC053055,848,,,,,,11,151.85,3,,AC,TP,None ,78,,,F,,,,DMR # 081,RH
Initial capture,ATS,Wild ,Adult,Penobscot,Eastern,6/6/2025 0:00,Milford Dam,528006,4976602,19,Live,Yes,Eastern,6/6/2025 0:00,Milford Dam,528006,4976602,Acoustic,Innovasea,V13-1x-BLU-1,1601676,344,A69-1604-39091,,,,,,,,,AC,TP,None ,78,,,F,,,,DMR # 081,RH
Initial capture,ATS,Wild ,Adult,Penobscot,Eastern,6/6/2025 0:00,Milford Dam,528006,4976602,19,Live,Yes,Eastern,6/6/2025 0:00,Milford Dam,528006,4976602,PIT,,,,,,,,,3D6.00154F6016,,,,,AC,TP,None ,78,,,F,,,,DMR # 081,RH
Initial capture,ATS,Wild ,Adult,Penobscot,Eastern,6/6/2025 0:00,Milford Dam,528006,4976602,19,Live,Yes,Eastern,6/6/2025 0:00,Milford Dam,528006,4976602,Radio,Lotek,MCFT2-3A,MC053060,848,,,,,,16,151.85,3,,AC,TP,None ,74,,,M,,,,DMR # 083,RH
Initial capture,ATS,Wild ,Adult,Penobscot,Eastern,6/6/2025 0:00,Milford Dam,528006,4976602,19,Live,Yes,Eastern,6/6/2025 0:00,Milford Dam,528006,4976602,Acoustic,Innovasea,V13-1x-BLU-1,1601683,344,A69-1604-39098,,,,,,,,,AC,TP,None ,74,,,M,,,,DMR # 083,RH
Initial capture,ATS,Wild ,Adult,Penobscot,Eastern,6/6/2025 0:00,Milford Dam,528006,4976602,19,Live,Yes,Eastern,6/6/2025 0:00,Milford Dam,528006,4976602,PIT,,,,,,,,,3D6.00154F610D,,,,,AC,TP,None,74,,,M,,,,DMR # 083,RH
Initial capture,ATS,Wild ,Adult,Penobscot,Eastern,6/6/2025 0:00,Milford Dam,528006,4976602,19,Live,Yes,Eastern,6/6/2025 0:00,Milford Dam,528006,4976602,Radio,Lotek,MCFT2-3A,MC053107,848,,,,,,63,152.01,3,,AC,TP,None,72,,,F,,,,DMR # 085,RH
Initial capture,ATS,Wild ,Adult,Penobscot,Eastern,6/6/2025 0:00,Milford Dam,528006,4976602,19,Live,Yes,Eastern,6/6/2025 0:00,Milford Dam,528006,4976602,Acoustic,Innovasea,V13-1x-BLU-1,1601670,344,A69-1604-39085,,,,,,,,,AC,TP,None,72,,,F,,,,DMR # 085,RH
Initial capture,ATS,Wild ,Adult,Penobscot,Eastern,6/6/2025 0:00,Milford Dam,528006,4976602,19,Live,Yes,Eastern,6/6/2025 0:00,Milford Dam,528006,4976602,PIT,,,,,,,,,3D6.00184E7660,,,,,AC,TP,None,72,,,F,,,,DMR # 085,RH
Initial capture,ATS,Wild ,Adult,Penobscot,Eastern,6/7/2025 0:00,Milford Dam,528006,4976602,19,Live,Yes,Eastern,6/7/2025 0:00,Milford Dam,528006,4976602,Radio,Lotek,MCFT2-3A,MC054498,848,,,,,,113,152.01,3,,AC,TP,None,73,,,M,,,,DMR # 086,RH
Initial capture,ATS,Wild ,Adult,Penobscot,Eastern,6/7/2025 0:00,Milford Dam,528006,4976602,19,Live,Yes,Eastern,6/7/2025 0:00,Milford Dam,528006,4976602,Acoustic,Innovasea,V13-1x-BLU-1,1639530,344,A69-2801-20345,,,,,,,,,AC,TP,None,73,,,M,,,,DMR # 086,RH
Initial capture,ATS,Wild ,Adult,Penobscot,Eastern,6/7/2025 0:00,Milford Dam,528006,4976602,19,Live,Yes,Eastern,6/7/2025 0:00,Milford Dam,528006,4976602,PIT,,,,,,,,,3D6.00184E76C3,,,,,AC,TP,None,73,,,M,,,,DMR # 086,RH
Initial capture,ATS,Wild ,Adult,Penobscot,Eastern,6/7/2025 0:00,Milford Dam,528006,4976602,19,Live,Yes,Eastern,6/7/2025 0:00,Milford Dam,528006,4976602,Radio,Lotek,MCFT2-3A,MC053079,848,,,,,,35,152.01,3,,AC,TP,None,79,,,F,,,,DMR # 087,RH
Initial capture,ATS,Wild ,Adult,Penobscot,Eastern,6/7/2025 0:00,Milford Dam,528006,4976602,19,Live,Yes,Eastern,6/7/2025 0:00,Milford Dam,528006,4976602,Acoustic,Innovasea,V13-1x-BLU-1,1639527,344,A69-2801-20342,,,,,,,,,AC,TP,None,79,,,F,,,,DMR # 087,RH
Initial capture,ATS,Wild ,Adult,Penobscot,Eastern,6/7/2025 0:00,Milford Dam,528006,4976602,19,Live,Yes,Eastern,6/7/2025 0:00,Milford Dam,528006,4976602,PIT,,,,,,,,,3D6.00184E7693,,,,,AC,TP,None,79,,,F,,,,DMR # 087,RH
Initial capture,ATS,Wild ,Adult,Penobscot,Eastern,6/7/2025 0:00,Milford Dam,528006,4976602,19,Live,Yes,Eastern,6/7/2025 0:00,Milford Dam,528006,4976602,Radio,Lotek,MCFT2-3A,MC053083,848,,,,,,39,152.01,3,,AC,TP,None,81,,,F,,,,DMR # 091,RH
Initial capture,ATS,Wild ,Adult,Penobscot,Eastern,6/7/2025 0:00,Milford Dam,528006,4976602,19,Live,Yes,Eastern,6/7/2025 0:00,Milford Dam,528006,4976602,Acoustic,Innovasea,V13-1x-BLU-1,1639561,344,A69-2801-20376,,,,,,,,,AC,TP,None,81,,,F,,,,DMR # 091,RH
Initial capture,ATS,Wild ,Adult,Penobscot,Eastern,6/7/2025 0:00,Milford Dam,528006,4976602,19,Live,Yes,Eastern,6/7/2025 0:00,Milford Dam,528006,4976602,PIT,,,,,,,,,3D6.00188B7A55,,,,,AC,TP,None,81,,,F,,,,DMR # 091,RH
Initial capture,ATS,Wild ,Adult,Penobscot,Eastern,6/8/2025 0:00,Milford Dam,528006,4976602,19,Live,Yes,Eastern,6/8/2025 0:00,Milford Dam,528006,4976602,Radio,Lotek,MCFT2-3A,MC054489,848,,,,,,104,151.85,3,,None,AP,None,78,,,M,,,,DMR # 094,RH
Initial capture,ATS,Wild ,Adult,Penobscot,Eastern,6/8/2025 0:00,Milford Dam,528006,4976602,19,Live,Yes,Eastern,6/8/2025 0:00,Milford Dam,528006,4976602,Acoustic,Innovasea,V13-1x-BLU-1,1639554,344,A69-2801-20369,,,,,,,,,None,AP,None,78,,,M,,,,DMR # 094,RH
Initial capture,ATS,Wild ,Adult,Penobscot,Eastern,6/8/2025 0:00,Milford Dam,528006,4976602,19,Live,Yes,Eastern,6/8/2025 0:00,Milford Dam,528006,4976602,PIT,,,,,,,,,3D6.00188B7A42,,,,,None,AP,None,78,,,M,,,,DMR # 094,RH
Initial capture,ATS,Wild ,Adult,Penobscot,Eastern,6/8/2025 0:00,Milford Dam,528006,4976602,19,Live,Yes,Eastern,6/8/2025 0:00,Milford Dam,528006,4976602,Radio,Lotek,MCFT2-3A,MC053088,848,,,,,,44,152.01,3,,None,AP,None,77,,,F,,,,DMR # 095,RH
Initial capture,ATS,Wild ,Adult,Penobscot,Eastern,6/8/2025 0:00,Milford Dam,528006,4976602,19,Live,Yes,Eastern,6/8/2025 0:00,Milford Dam,528006,4976602,Acoustic,Innovasea,V13-1x-BLU-1,1639538,344,A69-2801-20353,,,,,,,,,None,AP,None,77,,,F,,,,DMR # 095,RH
Initial capture,ATS,Wild ,Adult,Penobscot,Eastern,6/8/2025 0:00,Milford Dam,528006,4976602,19,Live,Yes,Eastern,6/8/2025 0:00,Milford Dam,528006,4976602,PIT,,,,,,,,,3D6.00188B7A48,,,,,None,AP,None ,77,,,F,,,,DMR # 095,RH
Initial capture,ATS,Wild ,Adult,Penobscot,Eastern,6/8/2025 0:00,Milford Dam,528006,4976602,19,Live,Yes,Eastern,6/8/2025 0:00,Milford Dam,528006,4976602,Radio,Lotek,MCFT2-3A,MC054479,848,,,,,,94,151.85,3,,None,AP,None ,74,,,F,,,,DMR # 096,RH
Initial capture,ATS,Wild ,Adult,Penobscot,Eastern,6/8/2025 0:00,Milford Dam,528006,4976602,19,Live,Yes,Eastern,6/8/2025 0:00,Milford Dam,528006,4976602,Acoustic,Innovasea,V13-1x-BLU-1,1639542,344,A69-2801-20357,,,,,,,,,None,AP,None ,74,,,F,,,,DMR # 096,RH
Initial capture,ATS,Wild ,Adult,Penobscot,Eastern,6/8/2025 0:00,Milford Dam,528006,4976602,19,Live,Yes,Eastern,6/8/2025 0:00,Milford Dam,528006,4976602,PIT,,,,,,,,,3D6.00188B7A46,,,,,None,AP,None ,74,,,F,,,,DMR # 096,RH
Initial capture,ATS,Wild ,Adult,Penobscot,Eastern,6/8/2025 0:00,Milford Dam,528006,4976602,19,Live,Yes,Eastern,6/8/2025 0:00,Milford Dam,528006,4976602,Radio,Lotek,MCFT2-3A,MC054482,848,,,,,,97,151.85,3,,None,AP,None ,72,,,F,,,,DMR # 097,RH
Initial capture,ATS,Wild ,Adult,Penobscot,Eastern,6/8/2025 0:00,Milford Dam,528006,4976602,19,Live,Yes,Eastern,6/8/2025 0:00,Milford Dam,528006,4976602,Acoustic,Innovasea,V13-1x-BLU-1,1639537,344,A69-2801-20352,,,,,,,,,None,AP,None ,72,,,F,,,,DMR # 097,RH
Initial capture,ATS,Wild ,Adult,Penobscot,Eastern,6/8/2025 0:00,Milford Dam,528006,4976602,19,Live,Yes,Eastern,6/8/2025 0:00,Milford Dam,528006,4976602,PIT,,,,,,,,,3D6.00188B7A70,,,,,None,AP,None ,72,,,F,,,,DMR # 097,RH
Initial capture,ATS,Wild ,Adult,Penobscot,Eastern,6/8/2025 0:00,Milford Dam,528006,4976602,19,Live,Yes,Eastern,6/8/2025 0:00,Milford Dam,528006,4976602,Radio,Lotek,MCFT2-3A,MC053074,848,,,,,,30,152.02,3,,None,AP,None ,75,,,F,,,,DMR # 101,RH
Initial capture,ATS,Wild ,Adult,Penobscot,Eastern,6/8/2025 0:00,Milford Dam,528006,4976602,19,Live,Yes,Eastern,6/8/2025 0:00,Milford Dam,528006,4976602,Acoustic,Innovasea,V13-1x-BLU-1,1639550,344,A69-2801-20365,,,,,,,,,None,AP,None ,75,,,F,,,,DMR # 101,RH
Initial capture,ATS,Wild ,Adult,Penobscot,Eastern,6/8/2025 0:00,Milford Dam,528006,4976602,19,Live,Yes,Eastern,6/8/2025 0:00,Milford Dam,528006,4976602,PIT,,,,,,,,,3D6.00188B7A47,,,,,None,AP,None,75,,,F,,,,DMR # 101,RH
Initial capture,ATS,Wild ,Adult,Penobscot,Eastern,6/10/2025 0:00,Milford Dam,528006,4976602,19,Live,Yes,Eastern,6/10/2025 0:00,Milford Dam,528006,4976602,Radio,Lotek,MCFT2-3A,MC053069,848,,,,,,25,152.01,3,,AC,TP,None,74,,,F,,,,DMR # 118,RH
Initial capture,ATS,Wild ,Adult,Penobscot,Eastern,6/10/2025 0:00,Milford Dam,528006,4976602,19,Live,Yes,Eastern,6/10/2025 0:00,Milford Dam,528006,4976602,Acoustic,Innovasea,V13-1x-BLU-1,1639544,344,A69-2801-20359,,,,,,,,,AC,TP,None,74,,,F,,,,DMR # 118,RH
Initial capture,ATS,Wild ,Adult,Penobscot,Eastern,6/10/2025 0:00,Milford Dam,528006,4976602,19,Live,Yes,Eastern,6/10/2025 0:00,Milford Dam,528006,4976602,PIT,,,,,,,,,3D6.00188B7A38,,,,,AC,TP,None,74,,,F,,,,DMR # 118,RH
Initial capture,ATS,Wild ,Adult,Penobscot,Eastern,6/10/2025 0:00,Milford Dam,528006,4976602,19,Live,Yes,Eastern,6/10/2025 0:00,Milford Dam,528006,4976602,Radio,Lotek,MCFT2-3A,MC054487,848,,,,,,102,151.85,3,,AC,TP,None,73,,,F,,,,DMR # 119,RH
Initial capture,ATS,Wild ,Adult,Penobscot,Eastern,6/10/2025 0:00,Milford Dam,528006,4976602,19,Live,Yes,Eastern,6/10/2025 0:00,Milford Dam,528006,4976602,Acoustic,Innovasea,V13-1x-BLU-1,1639556,344,A69-2801-20371,,,,,,,,,AC,TP,None,73,,,F,,,,DMR # 119,RH
Initial capture,ATS,Wild ,Adult,Penobscot,Eastern,6/10/2025 0:00,Milford Dam,528006,4976602,19,Live,Yes,Eastern,6/10/2025 0:00,Milford Dam,528006,4976602,PIT,,,,,,,,,3D6.00188B7A9A,,,,,AC,TP,None,73,,,F,,,,DMR # 119,RH
Initial capture,ATS,Wild ,Adult,Penobscot,Eastern,6/10/2025 0:00,Milford Dam,528006,4976602,19,Live,Yes,Eastern,6/10/2025 0:00,Milford Dam,528006,4976602,Radio,Lotek,MCFT2-3A,MC054493,848,,,,,,108,151.85,3,,AC,TP,None,74,,,F,,,,DMR # 120,RH
Initial capture,ATS,Wild ,Adult,Penobscot,Eastern,6/10/2025 0:00,Milford Dam,528006,4976602,19,Live,Yes,Eastern,6/10/2025 0:00,Milford Dam,528006,4976602,Acoustic,Innovasea,V13-1x-BLU-1,1639529,344,A69-2801-20344,,,,,,,,,AC,TP,None,74,,,F,,,,DMR # 120,RH
Initial capture,ATS,Wild ,Adult,Penobscot,Eastern,6/10/2025 0:00,Milford Dam,528006,4976602,19,Live,Yes,Eastern,6/10/2025 0:00,Milford Dam,528006,4976602,PIT,,,,,,,,,3D6.00188B7A73,,,,,AC,TP,None,74,,,F,,,,DMR # 120,RH
Initial capture,ATS,Wild ,Adult,Penobscot,Eastern,6/10/2025 0:00,Milford Dam,528006,4976602,19,Live,Yes,Eastern,6/10/2025 0:00,Milford Dam,528006,4976602,Radio,Lotek,MCFT2-3A,MC053077,848,,,,,,33,152.01,3,,AC,TP,None,68,,,M,,,,DMR # 121,RH
Initial capture,ATS,Wild ,Adult,Penobscot,Eastern,6/10/2025 0:00,Milford Dam,528006,4976602,19,Live,Yes,Eastern,6/10/2025 0:00,Milford Dam,528006,4976602,Acoustic,Innovasea,V13-1x-BLU-1,1601702,344,A69-1604-39117,,,,,,,,,AC,TP,None,68,,,M,,,,DMR # 121,RH
Initial capture,ATS,Wild ,Adult,Penobscot,Eastern,6/10/2025 0:00,Milford Dam,528006,4976602,19,Live,Yes,Eastern,6/10/2025 0:00,Milford Dam,528006,4976602,PIT,,,,,,,,,3D6.00188B7A64,,,,,AC,TP,None,68,,,M,,,,DMR # 121,RH
Initial capture,ATS,Wild ,Adult,Penobscot,Eastern,6/10/2025 0:00,Milford Dam,528006,4976602,19,Live,Yes,Eastern,6/10/2025 0:00,Milford Dam,528006,4976602,Radio,Lotek,MCFT2-3A,MC053105,848,,,,,,61,152.01,3,,AC,TP,None,74,,,F,,,,DMR # 122,RH
Initial capture,ATS,Wild ,Adult,Penobscot,Eastern,6/10/2025 0:00,Milford Dam,528006,4976602,19,Live,Yes,Eastern,6/10/2025 0:00,Milford Dam,528006,4976602,Acoustic,Innovasea,V13-1x-BLU-1,1601704,344,A69-1604-39119,,,,,,,,,AC,TP,None,74,,,F,,,,DMR # 122,RH
Initial capture,ATS,Wild ,Adult,Penobscot,Eastern,6/10/2025 0:00,Milford Dam,528006,4976602,19,Live,Yes,Eastern,6/10/2025 0:00,Milford Dam,528006,4976602,PIT,,,,,,,,,3D6.00188B7A67,,,,,AC,TP,None,74,,,F,,,,DMR # 122,RH
Initial capture,ATS,Wild ,Adult,Penobscot,Eastern,6/13/2025 0:00,Milford Dam,528006,4976602,19,Live,Yes,Eastern,6/13/2025 0:00,Milford Dam,528006,4976602,Radio,Lotek,MCFT2-3A,MC053061,848,,,,,,17,151.85,3,,AC,TP,None,76,,,F,,,,DMR # 128,RH
Initial capture,ATS,Wild ,Adult,Penobscot,Eastern,6/13/2025 0:00,Milford Dam,528006,4976602,19,Live,Yes,Eastern,6/13/2025 0:00,Milford Dam,528006,4976602,Acoustic,Innovasea,V13-1x-BLU-1,1601685,344,A69-1604-39100,,,,,,,,,AC,TP,None,76,,,F,,,,DMR # 128,RH
Initial capture,ATS,Wild ,Adult,Penobscot,Eastern,6/13/2025 0:00,Milford Dam,528006,4976602,19,Live,Yes,Eastern,6/13/2025 0:00,Milford Dam,528006,4976602,PIT,,,,,,,,,3D6.00188B7A5E,,,,,AC,TP,None ,76,,,F,,,,DMR # 128,RH
Initial capture,ATS,Wild ,Adult,Penobscot,Eastern,6/14/2025 0:00,Milford Dam,528006,4976602,19,Live,Yes,Eastern,6/14/2025 0:00,Milford Dam,528006,4976602,Radio,Lotek,MCFT2-3A,MC053056,848,,,,,,12,151.85,3,,AC,TP,None ,77,,,M,,,,DMR # 134,RH
Initial capture,ATS,Wild ,Adult,Penobscot,Eastern,6/14/2025 0:00,Milford Dam,528006,4976602,19,Live,Yes,Eastern,6/14/2025 0:00,Milford Dam,528006,4976602,Acoustic,Innovasea,V13-1x-BLU-1,1601682,344,A69-1604-39097,,,,,,,,,AC,TP,None ,77,,,M,,,,DMR # 134,RH
Initial capture,ATS,Wild ,Adult,Penobscot,Eastern,6/14/2025 0:00,Milford Dam,528006,4976602,19,Live,Yes,Eastern,6/14/2025 0:00,Milford Dam,528006,4976602,PIT,,,,,,,,,3D6.00188B7941,,,,,AC,TP,None ,77,,,M,,,,DMR # 134,RH
Initial capture,ATS,Wild ,Adult,Penobscot,Eastern,6/14/2025 0:00,Milford Dam,528006,4976602,19,Live,Yes,Eastern,6/14/2025 0:00,Milford Dam,528006,4976602,Radio,Lotek,MCFT2-3A,MC053089,848,,,,,,45,152.01,3,,AC,TP,None ,76,,,F,,,,DMR # 143,RH
Initial capture,ATS,Wild ,Adult,Penobscot,Eastern,6/14/2025 0:00,Milford Dam,528006,4976602,19,Live,Yes,Eastern,6/14/2025 0:00,Milford Dam,528006,4976602,Acoustic,Innovasea,V13-1x-BLU-1,160691,344,A69-1604-39112,,,,,,,,,AC,TP,None ,76,,,F,,,,DMR # 143,RH
Initial capture,ATS,Wild ,Adult,Penobscot,Eastern,6/14/2025 0:00,Milford Dam,528006,4976602,19,Live,Yes,Eastern,6/14/2025 0:00,Milford Dam,528006,4976602,PIT,,,,,,,,,3D6.00154F621E,,,,,AC,TP,None ,76,,,F,,,,DMR # 143,RH
Initial capture,ATS,Wild ,Adult,Penobscot,Eastern,6/14/2025 0:00,Milford Dam,528006,4976602,19,Live,Yes,Eastern,6/14/2025 0:00,Milford Dam,528006,4976602,Radio,Lotek,MCFT2-3A,MC053078,848,,,,,,34,152.01,3,,None,AP,None ,75,,,F,,,,DMR # 144,RH
Initial capture,ATS,Wild ,Adult,Penobscot,Eastern,6/14/2025 0:00,Milford Dam,528006,4976602,19,Live,Yes,Eastern,6/14/2025 0:00,Milford Dam,528006,4976602,Acoustic,Innovasea,V13-1x-BLU-1,1639549,344,A69-2801- 20364,,,,,,,,,None,AP,None ,75,,,F,,,,DMR # 144,RH
Initial capture,ATS,Wild ,Adult,Penobscot,Eastern,6/14/2025 0:00,Milford Dam,528006,4976602,19,Live,Yes,Eastern,6/14/2025 0:00,Milford Dam,528006,4976602,PIT,,,,,,,,,3D6.00154F6215,,,,,None,AP,None,75,,,F,,,,DMR # 144,RH
Initial capture,ATS,Wild ,Adult,Penobscot,Eastern,6/14/2025 0:00,Milford Dam,528006,4976602,19,Live,Yes,Eastern,6/14/2025 0:00,Milford Dam,528006,4976602,Radio,Lotek,MCFT2-3A,MC054502,848,,,,,,117,152.01,3,,AC,TP,None,75,,,F,,,,DMR # 145,RH
Initial capture,ATS,Wild ,Adult,Penobscot,Eastern,6/14/2025 0:00,Milford Dam,528006,4976602,19,Live,Yes,Eastern,6/14/2025 0:00,Milford Dam,528006,4976602,Acoustic,Innovasea,V13-1x-BLU-1,1639531,344,A69-2801-20346,,,,,,,,,AC,TP,None,75,,,F,,,,DMR # 145,RH
Initial capture,ATS,Wild ,Adult,Penobscot,Eastern,6/14/2025 0:00,Milford Dam,528006,4976602,19,Live,Yes,Eastern,6/14/2025 0:00,Milford Dam,528006,4976602,PIT,,,,,,,,,3D6.00154F6213,,,,,AC,TP,None,75,,,F,,,,DMR # 145,RH
Initial capture,ATS,Wild ,Adult,Penobscot,Eastern,6/14/2025 0:00,Milford Dam,528006,4976602,19,Live,Yes,Eastern,6/14/2025 0:00,Milford Dam,528006,4976602,Radio,Lotek,MCFT2-3A,MC054496,848,,,,,,111,152.01,3,,None,AP,None,73,,,F,,,,DMR # 146,RH
Initial capture,ATS,Wild ,Adult,Penobscot,Eastern,6/14/2025 0:00,Milford Dam,528006,4976602,19,Live,Yes,Eastern,6/14/2025 0:00,Milford Dam,528006,4976602,Acoustic,Innovasea,V13-1x-BLU-1,1639528,344,A69-2801-20343,,,,,,,,,None,AP,None,73,,,F,,,,DMR # 146,RH
Initial capture,ATS,Wild ,Adult,Penobscot,Eastern,6/14/2025 0:00,Milford Dam,528006,4976602,19,Live,Yes,Eastern,6/14/2025 0:00,Milford Dam,528006,4976602,PIT,,,,,,,,,3D6.00154F61F7,,,,,None,AP,None,73,,,F,,,,DMR # 146,RH
Initial capture,ATS,Wild ,Adult,Penobscot,Eastern,6/15/2025 0:00,Milford Dam,528006,4976602,19,Live,Yes,Eastern,6/15/2025 0:00,Milford Dam,528006,4976602,Radio,Lotek,MCFT2-3A,MC054495,848,,,,,,110,151.85,3,,None,AP,None,75,,,F,,,,DMR # 150,RH
Initial capture,ATS,Wild ,Adult,Penobscot,Eastern,6/15/2025 0:00,Milford Dam,528006,4976602,19,Live,Yes,Eastern,6/15/2025 0:00,Milford Dam,528006,4976602,Acoustic,Innovasea,V13-1x-BLU-1,1639557,344,A69-2801-20372,,,,,,,,,None,AP,None,75,,,F,,,,DMR # 150,RH
Initial capture,ATS,Wild ,Adult,Penobscot,Eastern,6/15/2025 0:00,Milford Dam,528006,4976602,19,Live,Yes,Eastern,6/15/2025 0:00,Milford Dam,528006,4976602,PIT,,,,,,,,,3D6.00154F6216,,,,,None,AP,None,75,,,F,,,,DMR # 150,RH
Initial capture,ATS,Wild ,Adult,Penobscot,Eastern,6/15/2025 0:00,Milford Dam,528006,4976602,19,Live,Yes,Eastern,6/15/2025 0:00,Milford Dam,528006,4976602,Radio,Lotek,MCFT2-3A,MC054486,848,,,,,,101,151.85,3,,None,AP,None,73,,,F,,,,DMR # 151,RH
Initial capture,ATS,Wild ,Adult,Penobscot,Eastern,6/15/2025 0:00,Milford Dam,528006,4976602,19,Live,Yes,Eastern,6/15/2025 0:00,Milford Dam,528006,4976602,Acoustic,Innovasea,V13-1x-BLU-1,1639525,344,A69-2801-20340,,,,,,,,,None,AP,None,73,,,F,,,,DMR # 151,RH
Initial capture,ATS,Wild ,Adult,Penobscot,Eastern,6/15/2025 0:00,Milford Dam,528006,4976602,19,Live,Yes,Eastern,6/15/2025 0:00,Milford Dam,528006,4976602,PIT,,,,,,,,,3D6.00154F620C,,,,,None,AP,None,73,,,F,,,,DMR # 151,RH
Initial capture,ATS,Wild ,Adult,Penobscot,Eastern,6/15/2025 0:00,Milford Dam,528006,4976602,19,Live,Yes,Eastern,6/15/2025 0:00,Milford Dam,528006,4976602,Radio,Lotek,MCFT2-3A,MC054481,848,,,,,,96,151.85,3,,None,AP,None,74,,,F,,,,DMR # 152,RH
Initial capture,ATS,Wild ,Adult,Penobscot,Eastern,6/15/2025 0:00,Milford Dam,528006,4976602,19,Live,Yes,Eastern,6/15/2025 0:00,Milford Dam,528006,4976602,Acoustic,Innovasea,V13-1x-BLU-1,1639536,344,A69-2801-20351,,,,,,,,,None,AP,None,74,,,F,,,,DMR # 152,RH
Initial capture,ATS,Wild ,Adult,Penobscot,Eastern,6/15/2025 0:00,Milford Dam,528006,4976602,19,Live,Yes,Eastern,6/15/2025 0:00,Milford Dam,528006,4976602,PIT,,,,,,,,,3D6.00154F61FC,,,,,None,AP,None,74,,,F,,,,DMR # 152,RH
Initial capture,ATS,Wild ,Adult,Penobscot,Eastern,6/15/2025 0:00,Milford Dam,528006,4976602,19,Live,Yes,Eastern,6/15/2025 0:00,Milford Dam,528006,4976602,Radio,Lotek,MCFT2-3A,MC054485,848,,,,,,100,151.85,3,,AC,TP,None,75,,,F,,,,DMR # 153,RH
Initial capture,ATS,Wild ,Adult,Penobscot,Eastern,6/15/2025 0:00,Milford Dam,528006,4976602,19,Live,Yes,Eastern,6/15/2025 0:00,Milford Dam,528006,4976602,Acoustic,Innovasea,V13-1x-BLU-1,1639560,344,A69-2801-20375,,,,,,,,,AC,TP,None,75,,,F,,,,DMR # 153,RH
Initial capture,ATS,Wild ,Adult,Penobscot,Eastern,6/15/2025 0:00,Milford Dam,528006,4976602,19,Live,Yes,Eastern,6/15/2025 0:00,Milford Dam,528006,4976602,PIT,,,,,,,,,3D6.00154F6233,,,,,AC,TP,None,75,,,F,,,,DMR # 153,RH
Initial capture,ATS,Wild ,Adult,Penobscot,Eastern,6/18/2025 0:00,Milford Dam,528006,4976602,19,Live,Yes,Eastern,6/18/2025 0:00,Milford Dam,528006,4976602,Radio,Lotek,MCFT2-3A,MC054504,848,,,,,,119,152.01,3,,AC,TP,None,79,,,F,,,,DMR # 167,RH
Initial capture,ATS,Wild ,Adult,Penobscot,Eastern,6/18/2025 0:00,Milford Dam,528006,4976602,19,Live,Yes,Eastern,6/18/2025 0:00,Milford Dam,528006,4976602,Acoustic,Innovasea,V13-1x-BLU-1,1639540,344,A69-2801-20355,,,,,,,,,AC,TP,None,79,,,F,,,,DMR # 167,RH
Initial capture,ATS,Wild ,Adult,Penobscot,Eastern,6/18/2025 0:00,Milford Dam,528006,4976602,19,Live,Yes,Eastern,6/18/2025 0:00,Milford Dam,528006,4976602,PIT,,,,,,,,,3D6.00184E7557,,,,,AC,TP,None,79,,,F,,,,DMR # 167,RH
Initial capture,ATS,Wild ,Adult,Penobscot,Eastern,6/19/2025 0:00,Milford Dam,528006,4976602,19,Live,Yes,Eastern,6/19/2025 0:00,Milford Dam,528006,4976602,Radio,Lotek,MCFT2-3A,MC053103,848,,,,,,59,152.01,3,,AC,TP,None,77,,,F,,,,DMR # 179,RH
Initial capture,ATS,Wild ,Adult,Penobscot,Eastern,6/19/2025 0:00,Milford Dam,528006,4976602,19,Live,Yes,Eastern,6/19/2025 0:00,Milford Dam,528006,4976602,Acoustic,Innovasea,V13-1x-BLU-1,1601671,344,A69-1604-39086,,,,,,,,,AC,TP,None,77,,,F,,,,DMR # 179,RH
Initial capture,ATS,Wild ,Adult,Penobscot,Eastern,6/19/2025 0:00,Milford Dam,528006,4976602,19,Live,Yes,Eastern,6/19/2025 0:00,Milford Dam,528006,4976602,PIT,,,,,,,,,3D6.00154F61F3,,,,,AC,TP,None,77,,,F,,,,DMR # 179,RH
Initial capture,ATS,Wild ,Adult,Penobscot,Eastern,6/23/2025 0:00,Milford Dam,528006,4976602,19,Live,Yes,Eastern,6/23/2025 0:00,Milford Dam,528006,4976602,Radio,Lotek,MCFT2-3A,MC054490,848,,,,,,105,151.85,3,,AC,TP,None,74,,,F,,,,DMR # 193,RH
Initial capture,ATS,Wild ,Adult,Penobscot,Eastern,6/23/2025 0:00,Milford Dam,528006,4976602,19,Live,Yes,Eastern,6/23/2025 0:00,Milford Dam,528006,4976602,Acoustic,Innovasea,V13-1x-BLU-1,1639562,344,A69-2801-20377,,,,,,,,,AC,TP,None,74,,,F,,,,DMR # 193,RH
Initial capture,ATS,Wild ,Adult,Penobscot,Eastern,6/23/2025 0:00,Milford Dam,528006,4976602,19,Live,Yes,Eastern,6/23/2025 0:00,Milford Dam,528006,4976602,PIT,,,,,,,,,3D6.00154F65F7,,,,,AC,TP,None,74,,,F,,,,DMR # 193,RH
Initial capture,ATS,Wild ,Adult,Penobscot,Eastern,6/30/2025 0:00,Milford Dam,528006,4976602,19,Live,Yes,Eastern,6/30/2025 0:00,Milford Dam,528006,4976602,Radio,Lotek,MCFT2-3A,MC053084,848,,,,,,40,152.01,3,,AC,TP,None,72,,,F,,,,DMR # 207,RH
Initial capture,ATS,Wild ,Adult,Penobscot,Eastern,6/30/2025 0:00,Milford Dam,528006,4976602,19,Live,Yes,Eastern,6/30/2025 0:00,Milford Dam,528006,4976602,Acoustic,Innovasea,V13-1x-BLU-1,1639532,344,A69-2801-20347,,,,,,,,,AC,TP,None,72,,,F,,,,DMR # 207,RH
Initial capture,ATS,Wild ,Adult,Penobscot,Eastern,6/30/2025 0:00,Milford Dam,528006,4976602,19,Live,Yes,Eastern,6/30/2025 0:00,Milford Dam,528006,4976602,PIT,,,,,,,,,3D6.00154F5F5A,,,,,AC,TP,None,72,,,F,,,,DMR # 207,RH
